antecedents,consequents,antecedent support,consequent support,support,confidence,lift,leverage,conviction,zhangs_metric
TCB小顔リフト,32G針,6,18,1,27,145,0,111,33
32G針,TCB小顔リフト,18,6,1,9,145,0,103,38
TCB式小顔美肌再生ソフト,32G針,4,18,1,27,148,0,112,33
32G針,TCB式小顔美肌再生ソフト,18,4,1,6,148,0,102,40
32G針,アラガン,18,8,5,29,335,3,128,86
アラガン,32G針,8,18,5,63,335,3,220,76
アラガン 強力,32G針,4,18,3,74,396,2,321,78
32G針,アラガン 強力,18,4,3,19,396,2,117,92
エムラクリーム,32G針,4,18,2,56,302,1,188,69
32G針,エムラクリーム,18,4,2,12,302,1,109,82
32G針,スタンダード,18,5,1,7,137,0,102,33
スタンダード,32G針,5,18,1,25,137,0,109,28
パーフェクト,32G針,9,18,1,15,81,0,95,-19
32G針,パーフェクト,18,9,1,7,81,0,98,-21
32G針,プレミアム,18,6,1,7,116,0,101,17
プレミアム,32G針,6,18,1,21,116,0,103,15
32G針,ペンレステープ,18,12,5,27,225,2,120,68
ペンレステープ,32G針,12,18,5,42,225,2,140,63
ボツラックス,32G針,11,18,6,60,319,4,203,77
32G針,ボツラックス,18,11,6,36,319,4,139,84
ボツラックス 強力,32G針,10,18,6,67,359,5,252,80
32G針,ボツラックス 強力,18,10,6,36,359,5,142,88
マイクロカニューレ,32G針,15,18,3,24,129,0,107,26
32G針,マイクロカニューレ,18,15,3,19,129,0,105,28
眼窩下神経ブロック,32G針,10,18,1,17,90,0,97,-10
32G針,眼窩下神経ブロック,18,10,1,9,90,0,98,-11
32G針,笑気麻酔,18,25,6,34,136,1,114,33
笑気麻酔,32G針,25,18,6,25,136,1,109,36
ボツラックス,35G針,11,4,1,11,280,0,108,72
35G針,ボツラックス,4,11,1,32,280,0,130,67
35G針,笑気麻酔,4,25,1,40,158,0,125,38
笑気麻酔,35G針,25,4,1,6,158,0,102,49
MEK・VEK,エアウォールUV No.25,6,1,1,20,1510,1,123,99
エアウォールUV No.25,MEK・VEK,1,6,1,92,1510,1,1208,94
MEK・VEK,グロスファクターパッチ,6,5,5,89,1524,5,903,99
グロスファクターパッチ,MEK・VEK,5,6,5,93,1524,5,1351,99
MEK・VEK,ペンレステープ,6,12,2,45,373,2,160,77
ペンレステープ,MEK・VEK,12,6,2,22,373,2,121,83
MEK・VEK,笑気麻酔,6,25,2,35,137,0,114,29
笑気麻酔,MEK・VEK,25,6,2,8,137,0,102,36
TCB小顔リフト,TCB式小顔美肌再生ソフト,6,4,3,48,1164,2,186,97
TCB式小顔美肌再生ソフト,TCB小顔リフト,4,6,3,72,1164,2,339,95
TCB小顔リフト,ボツラックス,6,11,1,18,158,0,108,39
ボツラックス,TCB小顔リフト,11,6,1,9,158,0,104,41
ボツラックス 強力,TCB小顔リフト,10,6,1,9,159,0,104,41
TCB小顔リフト,ボツラックス 強力,6,10,1,16,159,0,107,39
マイクロカニューレ,TCB小顔リフト,15,6,2,18,293,1,114,77
TCB小顔リフト,マイクロカニューレ,6,15,2,44,293,1,153,70
眼窩下神経ブロック,TCB小顔リフト,10,6,2,26,421,2,127,84
TCB小顔リフト,眼窩下神経ブロック,6,10,2,43,421,2,157,81
TCB小顔リフト,笑気麻酔,6,25,5,82,323,3,430,73
笑気麻酔,TCB小顔リフト,25,6,5,20,323,3,117,92
マイクロカニューレ,TCB式小顔美肌再生ソフト,15,4,2,14,349,1,112,84
TCB式小顔美肌再生ソフト,マイクロカニューレ,4,15,2,53,349,1,181,74
眼窩下神経ブロック,TCB式小顔美肌再生ソフト,10,4,2,20,489,1,120,88
TCB式小顔美肌再生ソフト,眼窩下神経ブロック,4,10,2,49,489,1,179,83
TCB式小顔美肌再生ソフト,笑気麻酔,4,25,3,79,312,2,367,70
笑気麻酔,TCB式小顔美肌再生ソフト,25,4,3,13,312,2,110,91
アラガン 強力,アラガン,4,8,1,21,254,0,117,63
アラガン,アラガン 強力,8,4,1,12,254,0,108,66
エムラクリーム,アラガン,4,8,1,25,291,0,122,68
アラガン,エムラクリーム,8,4,1,12,291,0,109,71
ペンレステープ,アラガン,12,8,2,16,194,0,109,55
アラガン,ペンレステープ,8,12,2,23,194,0,115,53
マイクロカニューレ,アラガン,15,8,2,15,174,0,107,50
アラガン,マイクロカニューレ,8,15,2,26,174,0,115,46
笑気麻酔,アラガン,25,8,3,12,139,0,103,38
アラガン,笑気麻酔,8,25,3,35,139,0,115,31
アラガン 強力,ペンレステープ,4,12,1,28,234,0,122,60
ペンレステープ,アラガン 強力,12,4,1,11,234,0,107,65
アラガン 強力,笑気麻酔,4,25,1,33,130,0,111,24
笑気麻酔,アラガン 強力,25,4,1,6,130,0,101,31
マイクロカニューレ,イボアールクラシック,15,1,1,12,630,1,112,99
イボアールクラシック,マイクロカニューレ,1,15,1,96,630,1,2293,85
イボアールクラシック,笑気麻酔,1,25,1,62,244,0,198,60
笑気麻酔,イボアールクラシック,25,1,1,4,244,0,103,79
マイクロカニューレ,イボアールボリューム,15,2,2,14,626,1,114,99
イボアールボリューム,マイクロカニューレ,2,15,2,95,626,1,1939,86
笑気麻酔,イボアールボリューム,25,2,1,5,244,0,103,79
イボアールボリューム,笑気麻酔,2,25,1,62,244,0,198,60
グロスファクターパッチ,エアウォールUV No.25,5,1,1,21,1562,1,125,99
エアウォールUV No.25,グロスファクターパッチ,1,5,1,91,1562,1,1150,94
眼窩下神経ブロック,エクセレント,10,1,1,10,752,0,110,96
エクセレント,眼窩下神経ブロック,1,10,1,76,752,0,386,87
笑気麻酔,エクセレント,25,1,1,4,310,0,103,91
エクセレント,笑気麻酔,1,25,1,79,310,0,360,68
エムラクリーム,ボツラックス,4,11,1,41,363,1,151,75
ボツラックス,エムラクリーム,11,4,1,15,363,1,112,81
ペンレステープ,グロスファクターパッチ,12,5,2,22,382,2,121,84
グロスファクターパッチ,ペンレステープ,5,12,2,46,382,2,164,78
笑気麻酔,グロスファクターパッチ,25,5,2,8,144,0,102,41
グロスファクターパッチ,笑気麻酔,5,25,2,37,144,0,118,32
マイクロカニューレ,ジュビダームビスタ ウルトラ,15,2,2,14,632,1,113,99
ジュビダームビスタ ウルトラ,マイクロカニューレ,2,15,2,96,632,1,2492,86
笑気麻酔,ジュビダームビスタ ウルトラ,25,2,1,3,176,0,101,58
ジュビダームビスタ ウルトラ,笑気麻酔,2,25,1,45,176,0,135,44
マイクロカニューレ,ジュビダームビスタ ウルトラプラス,15,2,2,13,599,1,113,98
ジュビダームビスタ ウルトラプラス,マイクロカニューレ,2,15,2,91,599,1,1010,85
ジュビダームビスタ ウルトラプラス,笑気麻酔,2,25,1,50,197,0,150,50
笑気麻酔,ジュビダームビスタ ウルトラプラス,25,2,1,4,197,0,102,66
マイクロカニューレ,ジュビダームビスタ ボリフト,15,2,2,14,632,1,114,99
ジュビダームビスタ ボリフト,マイクロカニューレ,2,15,2,96,632,1,2519,86
ジュビダームビスタ ボリフト,笑気麻酔,2,25,1,60,238,0,190,59
笑気麻酔,ジュビダームビスタ ボリフト,25,2,1,5,238,0,103,78
ジュビダームビスタ ボリューマ,マイクロカニューレ,2,15,2,89,583,1,777,84
マイクロカニューレ,ジュビダームビスタ ボリューマ,15,2,2,13,583,1,113,97
ジュビダームビスタ ボリューマ,笑気麻酔,2,25,1,59,232,0,183,58
笑気麻酔,ジュビダームビスタ ボリューマ,25,2,1,5,232,0,103,76
ジュビダームビスタ ボルベラ,パーフェクト,3,9,1,35,365,0,140,75
パーフェクト,ジュビダームビスタ ボルベラ,9,3,1,12,365,0,110,80
ジュビダームビスタ ボルベラ,マイクロカニューレ,3,15,3,94,619,2,1585,86
マイクロカニューレ,ジュビダームビスタ ボルベラ,15,3,3,20,619,2,121,98
眼窩下神経ブロック,ジュビダームビスタ ボルベラ,10,3,1,13,398,1,111,83
ジュビダームビスタ ボルベラ,眼窩下神経ブロック,3,10,1,40,398,1,151,77
ジュビダームビスタ ボルベラ,笑気麻酔,3,25,2,60,238,1,190,60
笑気麻酔,ジュビダームビスタ ボルベラ,25,3,2,7,238,1,104,77
スーパーナチュラル,笑気麻酔,1,25,1,82,321,0,415,69
笑気麻酔,スーパーナチュラル,25,1,1,4,321,0,103,92
トレチノイン 5g (0.025%),ハイドロキノン 5g (4%),1,1,1,96,6738,1,2650,99
ハイドロキノン 5g (4%),トレチノイン 5g (0.025%),1,1,1,75,6738,1,410,99
パーフェクト,プレミアム,9,6,2,22,352,1,120,79
プレミアム,パーフェクト,6,9,2,34,352,1,137,76
ボツラックス,パーフェクト,11,9,1,9,95,0,99,-5
パーフェクト,ボツラックス,9,11,1,10,95,0,99,-5
マイクロカニューレ,パーフェクト,15,9,3,22,231,1,116,66
パーフェクト,マイクロカニューレ,9,15,3,35,231,1,130,62
眼窩下神経ブロック,パーフェクト,10,9,5,56,581,4,209,92
パーフェクト,眼窩下神経ブロック,9,10,5,59,581,4,220,91
パーフェクト,笑気麻酔,9,25,7,73,288,4,282,72
笑気麻酔,パーフェクト,25,9,7,28,288,4,125,87
ペンレステープ,プレミアム,12,6,1,8,133,0,102,28
プレミアム,ペンレステープ,6,12,1,16,133,0,104,26
マイクロカニューレ,プレミアム,15,6,2,17,278,1,113,75
プレミアム,マイクロカニューレ,6,15,2,42,278,1,147,68
眼窩下神経ブロック,プレミアム,10,6,2,29,454,2,132,86
プレミアム,眼窩下神経ブロック,6,10,2,46,454,2,167,83
笑気麻酔,プレミアム,25,6,3,15,241,2,110,78
プレミアム,笑気麻酔,6,25,3,61,241,2,194,62
プレミアムエタニティ,マイクロカット法パーフェクト,6,3,1,18,517,0,118,86
マイクロカット法パーフェクト,プレミアムエタニティ,3,6,1,32,517,0,139,83
ボツラックス,ペンレステープ,11,12,2,20,165,0,109,44
ペンレステープ,ボツラックス,12,11,2,18,165,0,109,45
ボツラックス 強力,ペンレステープ,10,12,2,23,191,1,114,53
ペンレステープ,ボツラックス 強力,12,10,2,19,191,1,111,54
マイクロカニューレ,ペンレステープ,15,12,4,26,216,2,119,63
ペンレステープ,マイクロカニューレ,12,15,4,33,216,2,126,61
ペンレステープ,笑気麻酔,12,25,2,17,67,-1,89,-35
笑気麻酔,ペンレステープ,25,12,2,8,67,-1,95,-39
ボツラックス 強力,ボツラックス,10,11,3,31,278,2,129,71
ボツラックス,ボツラックス 強力,11,10,3,28,278,2,125,72
マイクロカニューレ,ボツラックス,15,11,2,17,157,1,107,43
ボツラックス,マイクロカニューレ,11,15,2,24,157,1,111,41
眼窩下神経ブロック,ボツラックス,10,11,1,12,110,0,101,10
ボツラックス,眼窩下神経ブロック,11,10,1,11,110,0,101,10
ボツラックス,笑気麻酔,11,25,4,35,137,1,114,31
笑気麻酔,ボツラックス,25,11,4,15,137,1,105,36
ボツラックス 強力,マイクロカニューレ,10,15,1,13,87,0,97,-13
マイクロカニューレ,ボツラックス 強力,15,10,1,9,87,0,98,-13
ボツラックス 強力,笑気麻酔,10,25,3,30,120,0,107,18
笑気麻酔,ボツラックス 強力,25,10,3,12,120,0,102,22
眼窩下神経ブロック,マイクロカニューレ,10,15,4,44,290,2,152,73
マイクロカニューレ,眼窩下神経ブロック,15,10,4,29,290,2,127,77
マイクロカニューレ,笑気麻酔,15,25,8,56,219,4,169,64
笑気麻酔,マイクロカニューレ,25,15,8,33,219,4,127,73
眼窩下神経ブロック,笑気麻酔,10,25,8,81,318,5,400,76
笑気麻酔,眼窩下神経ブロック,25,10,8,32,318,5,133,92
"TCB小顔リフト, 32G針",笑気麻酔,1,25,1,84,331,1,484,71
"TCB小顔リフト, 笑気麻酔",32G針,5,18,1,28,148,0,112,34
"32G針, 笑気麻酔",TCB小顔リフト,6,6,1,21,352,1,120,76
TCB小顔リフト,"32G針, 笑気麻酔",6,6,1,23,352,1,121,76
32G針,"TCB小顔リフト, 笑気麻酔",18,5,1,7,148,0,102,40
笑気麻酔,"TCB小顔リフト, 32G針",25,1,1,5,331,1,104,93
"32G針, ペンレステープ",アラガン,5,8,1,29,338,1,129,74
"32G針, アラガン",ペンレステープ,5,12,1,27,226,0,121,59
"ペンレステープ, アラガン",32G針,2,18,1,73,390,1,307,75
32G針,"ペンレステープ, アラガン",18,2,1,7,390,1,106,91
ペンレステープ,"32G針, アラガン",12,5,1,12,226,0,107,63
アラガン,"32G針, ペンレステープ",8,5,1,17,338,1,114,77
"マイクロカニューレ, 32G針",アラガン,3,8,1,39,453,1,150,80
"マイクロカニューレ, アラガン",32G針,2,18,1,63,335,1,220,71
"32G針, アラガン",マイクロカニューレ,5,15,1,26,174,0,115,45
マイクロカニューレ,"32G針, アラガン",15,5,1,9,174,0,104,50
32G針,"マイクロカニューレ, アラガン",18,2,1,7,335,1,105,86
アラガン,"マイクロカニューレ, 32G針",8,3,1,16,453,1,115,85
"32G針, 笑気麻酔",アラガン,6,8,2,30,353,1,131,76
"32G針, アラガン",笑気麻酔,5,25,2,36,144,0,117,32
"笑気麻酔, アラガン",32G針,3,18,2,65,346,1,234,73
32G針,"笑気麻酔, アラガン",18,3,2,10,346,1,108,87
笑気麻酔,"32G針, アラガン",25,5,2,7,144,0,102,41
アラガン,"32G針, 笑気麻酔",8,6,2,23,353,1,121,78
"アラガン 強力, 32G針",ペンレステープ,3,12,1,32,266,0,129,64
"アラガン 強力, ペンレステープ",32G針,1,18,1,85,451,0,542,78
"32G針, ペンレステープ",アラガン 強力,5,4,1,22,469,0,123,82
アラガン 強力,"32G針, ペンレステープ",4,5,1,24,469,0,125,82
32G針,"アラガン 強力, ペンレステープ",18,1,1,6,451,0,105,95
ペンレステープ,"アラガン 強力, 32G針",12,3,1,9,266,0,106,71
"アラガン 強力, 32G針",笑気麻酔,3,25,1,34,135,0,113,26
"アラガン 強力, 笑気麻酔",32G針,1,18,1,77,411,0,361,76
"32G針, 笑気麻酔",アラガン 強力,6,4,1,18,391,0,117,79
アラガン 強力,"32G針, 笑気麻酔",4,6,1,25,391,0,125,78
32G針,"アラガン 強力, 笑気麻酔",18,1,1,6,411,0,105,93
笑気麻酔,"アラガン 強力, 32G針",25,3,1,4,135,0,101,34
"エムラクリーム, ボツラックス",32G針,1,18,1,70,373,0,274,74
"エムラクリーム, 32G針",ボツラックス,2,11,1,51,449,0,182,79
"ボツラックス, 32G針",エムラクリーム,6,4,1,17,425,0,116,82
エムラクリーム,"ボツラックス, 32G針",4,6,1,29,425,0,131,79
ボツラックス,"エムラクリーム, 32G針",11,2,1,10,449,0,109,87
32G針,"エムラクリーム, ボツラックス",18,1,1,6,373,0,105,90
"パーフェクト, 32G針",笑気麻酔,1,25,1,74,290,0,289,66
"パーフェクト, 笑気麻酔",32G針,7,18,1,15,82,0,96,-18
"32G針, 笑気麻酔",パーフェクト,6,9,1,16,173,0,108,45
パーフェクト,"32G針, 笑気麻酔",9,6,1,11,173,0,105,46
32G針,"パーフェクト, 笑気麻酔",18,7,1,5,82,0,98,-21
笑気麻酔,"パーフェクト, 32G針",25,1,1,4,290,0,103,88
"ボツラックス, 32G針",ペンレステープ,6,12,1,24,200,0,116,53
"32G針, ペンレステープ",ボツラックス,5,11,1,32,284,1,131,68
"ボツラックス, ペンレステープ",32G針,2,18,1,73,387,1,300,75
32G針,"ボツラックス, ペンレステープ",18,2,1,8,387,1,107,91
ボツラックス,"32G針, ペンレステープ",11,5,1,14,284,1,111,73
ペンレステープ,"ボツラックス, 32G針",12,6,1,13,200,0,108,57
"ボツラックス 強力, 32G針",ペンレステープ,6,12,2,28,238,1,123,62
"ボツラックス 強力, ペンレステープ",32G針,2,18,2,84,447,1,520,79
"32G針, ペンレステープ",ボツラックス 強力,5,10,2,38,380,1,147,77
ボツラックス 強力,"32G針, ペンレステープ",10,5,2,19,380,1,118,82
32G針,"ボツラックス 強力, ペンレステープ",18,2,2,10,447,1,109,95
ペンレステープ,"ボツラックス 強力, 32G針",12,6,2,16,238,1,111,66
"マイクロカニューレ, ペンレステープ",32G針,4,18,1,30,160,0,116,39
"マイクロカニューレ, 32G針",ペンレステープ,3,12,1,32,269,0,130,65
"32G針, ペンレステープ",マイクロカニューレ,5,15,1,23,155,0,111,37
マイクロカニューレ,"32G針, ペンレステープ",15,5,1,7,155,0,103,41
ペンレステープ,"マイクロカニューレ, 32G針",12,3,1,10,269,0,107,71
32G針,"マイクロカニューレ, ペンレステープ",18,4,1,6,160,0,102,46
"ボツラックス 強力, ボツラックス",32G針,3,18,2,74,394,1,316,77
"ボツラックス 強力, 32G針",ボツラックス,6,11,2,34,304,1,135,72
"ボツラックス, 32G針",ボツラックス 強力,6,10,2,35,343,1,138,76
ボツラックス 強力,"ボツラックス, 32G針",10,6,2,23,343,1,121,78
ボツラックス,"ボツラックス 強力, 32G針",11,6,2,21,304,1,118,75
32G針,"ボツラックス 強力, ボツラックス",18,3,2,12,394,1,110,91
"マイクロカニューレ, ボツラックス",32G針,2,18,1,60,321,1,205,70
"マイクロカニューレ, 32G針",ボツラックス,3,11,1,44,390,1,159,77
"ボツラックス, 32G針",マイクロカニューレ,6,15,1,24,158,0,111,39
マイクロカニューレ,"ボツラックス, 32G針",15,6,1,10,158,0,104,43
ボツラックス,"マイクロカニューレ, 32G針",11,3,1,14,390,1,112,83
32G針,"マイクロカニューレ, ボツラックス",18,2,1,8,321,1,106,84
"ボツラックス, 32G針",笑気麻酔,6,25,2,36,142,0,117,32
"ボツラックス, 笑気麻酔",32G針,4,18,2,62,331,1,215,72
"32G針, 笑気麻酔",ボツラックス,6,11,2,38,334,1,143,75
ボツラックス,"32G針, 笑気麻酔",11,6,2,21,334,1,119,79
32G針,"ボツラックス, 笑気麻酔",18,4,2,13,331,1,110,86
笑気麻酔,"ボツラックス, 32G針",25,6,2,9,142,0,103,40
"ボツラックス 強力, 32G針",笑気麻酔,6,25,2,33,130,0,111,25
"ボツラックス 強力, 笑気麻酔",32G針,3,18,2,73,389,1,306,76
"32G針, 笑気麻酔",ボツラックス 強力,6,10,2,35,343,1,138,75
ボツラックス 強力,"32G針, 笑気麻酔",10,6,2,22,343,1,120,78
32G針,"ボツラックス 強力, 笑気麻酔",18,3,2,12,389,1,110,91
笑気麻酔,"ボツラックス 強力, 32G針",25,6,2,9,130,0,102,31
"マイクロカニューレ, 32G針",笑気麻酔,3,25,2,56,222,1,172,57
"マイクロカニューレ, 笑気麻酔",32G針,8,18,2,24,130,0,107,25
"32G針, 笑気麻酔",マイクロカニューレ,6,15,2,32,210,1,124,56
マイクロカニューレ,"32G針, 笑気麻酔",15,6,2,13,210,1,108,61
32G針,"マイクロカニューレ, 笑気麻酔",18,8,2,11,130,0,102,28
笑気麻酔,"マイクロカニューレ, 32G針",25,3,2,8,222,1,104,73
"眼窩下神経ブロック, 32G針",笑気麻酔,1,25,1,84,330,1,474,70
"眼窩下神経ブロック, 笑気麻酔",32G針,8,18,1,17,93,0,98,-6
"32G針, 笑気麻酔",眼窩下神経ブロック,6,10,1,22,218,0,115,58
眼窩下神経ブロック,"32G針, 笑気麻酔",10,6,1,14,218,0,109,60
32G針,"眼窩下神経ブロック, 笑気麻酔",18,8,1,7,93,0,99,-7
笑気麻酔,"眼窩下神経ブロック, 32G針",25,1,1,5,330,1,104,93
"MEK・VEK, グロスファクターパッチ",エアウォールUV No.25,5,1,1,21,1585,1,125,99
"MEK・VEK, エアウォールUV No.25",グロスファクターパッチ,1,5,1,94,1599,1,1569,94
"グロスファクターパッチ, エアウォールUV No.25",MEK・VEK,1,6,1,94,1546,1,1683,94
MEK・VEK,"グロスファクターパッチ, エアウォールUV No.25",6,1,1,19,1546,1,122,99
グロスファクターパッチ,"MEK・VEK, エアウォールUV No.25",5,1,1,19,1599,1,123,99
エアウォールUV No.25,"MEK・VEK, グロスファクターパッチ",1,5,1,86,1585,1,710,94
"MEK・VEK, ペンレステープ",グロスファクターパッチ,2,5,2,93,1597,2,1541,96
"MEK・VEK, グロスファクターパッチ",ペンレステープ,5,12,2,47,391,1,167,78
"ペンレステープ, グロスファクターパッチ",MEK・VEK,2,6,2,95,1557,2,1905,96
MEK・VEK,"ペンレステープ, グロスファクターパッチ",6,2,2,42,1557,2,169,99
ペンレステープ,"MEK・VEK, グロスファクターパッチ",12,5,2,21,391,1,120,84
グロスファクターパッチ,"MEK・VEK, ペンレステープ",5,2,2,44,1597,2,174,99
"MEK・VEK, 笑気麻酔",グロスファクターパッチ,2,5,1,91,1552,1,1075,95
"グロスファクターパッチ, 笑気麻酔",MEK・VEK,2,6,1,89,1473,1,934,95
"MEK・VEK, グロスファクターパッチ",笑気麻酔,5,25,1,35,140,0,115,30
笑気麻酔,"MEK・VEK, グロスファクターパッチ",25,5,1,7,140,0,102,38
MEK・VEK,"グロスファクターパッチ, 笑気麻酔",6,2,1,32,1473,1,143,99
グロスファクターパッチ,"MEK・VEK, 笑気麻酔",5,2,1,33,1552,1,146,99
"マイクロカニューレ, TCB式小顔美肌再生ソフト",TCB小顔リフト,2,6,1,71,1145,1,325,93
"マイクロカニューレ, TCB小顔リフト",TCB式小顔美肌再生ソフト,2,4,1,56,1361,1,222,95
"TCB小顔リフト, TCB式小顔美肌再生ソフト",マイクロカニューレ,3,15,1,52,343,1,178,73
マイクロカニューレ,"TCB小顔リフト, TCB式小顔美肌再生ソフト",15,3,1,10,343,1,108,83
TCB式小顔美肌再生ソフト,"マイクロカニューレ, TCB小顔リフト",4,2,1,37,1361,1,156,96
TCB小顔リフト,"マイクロカニューレ, TCB式小顔美肌再生ソフト",6,2,1,25,1145,1,131,97
"眼窩下神経ブロック, TCB小顔リフト",TCB式小顔美肌再生ソフト,2,4,1,56,1358,1,221,95
"眼窩下神経ブロック, TCB式小顔美肌再生ソフト",TCB小顔リフト,2,6,1,72,1169,1,343,93
"TCB小顔リフト, TCB式小顔美肌再生ソフト",眼窩下神経ブロック,3,10,1,50,491,1,180,82
眼窩下神経ブロック,"TCB小顔リフト, TCB式小顔美肌再生ソフト",10,3,1,14,491,1,113,88
TCB小顔リフト,"眼窩下神経ブロック, TCB式小顔美肌再生ソフト",6,2,1,24,1169,1,129,97
TCB式小顔美肌再生ソフト,"眼窩下神経ブロック, TCB小顔リフト",4,2,1,36,1358,1,152,96
"TCB小顔リフト, TCB式小顔美肌再生ソフト",笑気麻酔,3,25,2,83,326,1,450,71
"TCB小顔リフト, 笑気麻酔",TCB式小顔美肌再生ソフト,5,4,2,49,1175,2,188,96
"TCB式小顔美肌再生ソフト, 笑気麻酔",TCB小顔リフト,3,6,2,75,1219,2,387,94
TCB小顔リフト,"TCB式小顔美肌再生ソフト, 笑気麻酔",6,3,2,40,1219,2,162,97
TCB式小顔美肌再生ソフト,"TCB小顔リフト, 笑気麻酔",4,5,2,60,1175,2,239,95
笑気麻酔,"TCB小顔リフト, TCB式小顔美肌再生ソフト",25,3,2,9,326,1,107,93
"眼窩下神経ブロック, マイクロカニューレ",TCB小顔リフト,4,6,1,30,483,1,134,83
"眼窩下神経ブロック, TCB小顔リフト",マイクロカニューレ,2,15,1,50,333,0,172,71
"マイクロカニューレ, TCB小顔リフト",眼窩下神経ブロック,2,10,1,48,478,1,175,81
眼窩下神経ブロック,"マイクロカニューレ, TCB小顔リフト",10,2,1,13,478,1,112,88
マイクロカニューレ,"眼窩下神経ブロック, TCB小顔リフト",15,2,1,8,333,0,106,82
TCB小顔リフト,"眼窩下神経ブロック, マイクロカニューレ",6,4,1,21,483,1,122,84
"マイクロカニューレ, 笑気麻酔",TCB小顔リフト,8,6,2,27,444,1,129,84
"マイクロカニューレ, TCB小顔リフト",笑気麻酔,2,25,2,85,332,1,497,71
"TCB小顔リフト, 笑気麻酔",マイクロカニューレ,5,15,2,46,302,1,157,70
マイクロカニューレ,"TCB小顔リフト, 笑気麻酔",15,5,2,15,302,1,112,78
笑気麻酔,"マイクロカニューレ, TCB小顔リフト",25,2,2,9,332,1,107,93
TCB小顔リフト,"マイクロカニューレ, 笑気麻酔",6,8,2,38,444,1,147,82
"眼窩下神経ブロック, TCB小顔リフト",笑気麻酔,2,25,2,83,327,1,457,71
"眼窩下神経ブロック, 笑気麻酔",TCB小顔リフト,8,6,2,26,433,1,128,83
"TCB小顔リフト, 笑気麻酔",眼窩下神経ブロック,5,10,2,43,426,1,159,80
眼窩下神経ブロック,"TCB小顔リフト, 笑気麻酔",10,5,2,21,426,1,121,85
TCB小顔リフト,"眼窩下神経ブロック, 笑気麻酔",6,8,2,36,433,1,143,82
笑気麻酔,"眼窩下神経ブロック, TCB小顔リフト",25,2,2,8,327,1,106,93
"眼窩下神経ブロック, マイクロカニューレ",TCB式小顔美肌再生ソフト,4,4,1,27,648,1,131,88
"眼窩下神経ブロック, TCB式小顔美肌再生ソフト",マイクロカニューレ,2,15,1,58,385,0,205,75
"マイクロカニューレ, TCB式小顔美肌再生ソフト",眼窩下神経ブロック,2,10,1,55,539,1,199,83
眼窩下神経ブロック,"マイクロカニューレ, TCB式小顔美肌再生ソフト",10,2,1,12,539,1,111,90
マイクロカニューレ,"眼窩下神経ブロック, TCB式小顔美肌再生ソフト",15,2,1,8,385,0,106,87
TCB式小顔美肌再生ソフト,"眼窩下神経ブロック, マイクロカニューレ",4,4,1,29,648,1,135,88
"マイクロカニューレ, TCB式小顔美肌再生ソフト",笑気麻酔,2,25,1,82,323,1,429,70
"マイクロカニューレ, 笑気麻酔",TCB式小顔美肌再生ソフト,8,4,1,21,513,1,122,88
"TCB式小顔美肌再生ソフト, 笑気麻酔",マイクロカニューレ,3,15,1,55,361,1,189,74
マイクロカニューレ,"TCB式小顔美肌再生ソフト, 笑気麻酔",15,3,1,12,361,1,109,85
TCB式小顔美肌再生ソフト,"マイクロカニューレ, 笑気麻酔",4,8,1,44,513,1,163,84
笑気麻酔,"マイクロカニューレ, TCB式小顔美肌再生ソフト",25,2,1,7,323,1,105,92
"眼窩下神経ブロック, TCB式小顔美肌再生ソフト",笑気麻酔,2,25,1,81,319,1,404,70
"眼窩下神経ブロック, 笑気麻酔",TCB式小顔美肌再生ソフト,8,4,1,20,490,1,120,86
"TCB式小顔美肌再生ソフト, 笑気麻酔",眼窩下神経ブロック,3,10,1,51,501,1,183,82
眼窩下神経ブロック,"TCB式小顔美肌再生ソフト, 笑気麻酔",10,3,1,16,501,1,116,89
TCB式小顔美肌再生ソフト,"眼窩下神経ブロック, 笑気麻酔",4,8,1,40,490,1,154,83
笑気麻酔,"眼窩下神経ブロック, TCB式小顔美肌再生ソフト",25,2,1,6,319,1,104,92
"マイクロカニューレ, 笑気麻酔",アラガン,8,8,1,15,175,0,107,47
"マイクロカニューレ, アラガン",笑気麻酔,2,25,1,56,220,0,170,56
"笑気麻酔, アラガン",マイクロカニューレ,3,15,1,42,276,0,146,65
マイクロカニューレ,"笑気麻酔, アラガン",15,3,1,8,276,0,105,75
笑気麻酔,"マイクロカニューレ, アラガン",25,2,1,5,220,0,102,73
アラガン,"マイクロカニューレ, 笑気麻酔",8,8,1,15,175,0,107,47
"マイクロカニューレ, イボアールクラシック",笑気麻酔,1,25,1,61,242,0,195,59
"マイクロカニューレ, 笑気麻酔",イボアールクラシック,8,1,1,13,695,1,113,93
"イボアールクラシック, 笑気麻酔",マイクロカニューレ,1,15,1,95,625,0,1916,85
マイクロカニューレ,"イボアールクラシック, 笑気麻酔",15,1,1,7,625,0,107,99
イボアールクラシック,"マイクロカニューレ, 笑気麻酔",1,8,1,59,695,1,226,87
笑気麻酔,"マイクロカニューレ, イボアールクラシック",25,1,1,4,242,0,102,78
"マイクロカニューレ, 笑気麻酔",イボアールボリューム,8,2,1,16,693,1,116,93
"マイクロカニューレ, イボアールボリューム",笑気麻酔,2,25,1,62,243,0,197,60
"笑気麻酔, イボアールボリューム",マイクロカニューレ,1,15,1,95,622,1,1735,85
マイクロカニューレ,"笑気麻酔, イボアールボリューム",15,1,1,9,622,1,108,99
笑気麻酔,"マイクロカニューレ, イボアールボリューム",25,2,1,5,243,0,103,79
イボアールボリューム,"マイクロカニューレ, 笑気麻酔",2,8,1,59,693,1,225,87
"マイクロカニューレ, ジュビダームビスタ ウルトラプラス",笑気麻酔,2,25,1,51,202,0,154,51
"マイクロカニューレ, 笑気麻酔",ジュビダームビスタ ウルトラプラス,8,2,1,12,552,0,111,89
"ジュビダームビスタ ウルトラプラス, 笑気麻酔",マイクロカニューレ,1,15,1,93,614,0,1379,84
マイクロカニューレ,"ジュビダームビスタ ウルトラプラス, 笑気麻酔",15,1,1,7,614,0,106,98
ジュビダームビスタ ウルトラプラス,"マイクロカニューレ, 笑気麻酔",2,8,1,47,552,0,173,83
笑気麻酔,"マイクロカニューレ, ジュビダームビスタ ウルトラプラス",25,2,1,4,202,0,102,68
"マイクロカニューレ, ジュビダームビスタ ボリフト",笑気麻酔,2,25,1,61,240,0,193,59
"マイクロカニューレ, 笑気麻酔",ジュビダームビスタ ボリフト,8,2,1,15,692,1,116,93
"ジュビダームビスタ ボリフト, 笑気麻酔",マイクロカニューレ,1,15,1,97,637,1,3220,85
マイクロカニューレ,"ジュビダームビスタ ボリフト, 笑気麻酔",15,1,1,8,637,1,108,99
ジュビダームビスタ ボリフト,"マイクロカニューレ, 笑気麻酔",2,8,1,59,692,1,225,87
笑気麻酔,"マイクロカニューレ, ジュビダームビスタ ボリフト",25,2,1,5,240,0,103,78
"ジュビダームビスタ ボリューマ, マイクロカニューレ",笑気麻酔,2,25,1,61,240,0,193,59
"ジュビダームビスタ ボリューマ, 笑気麻酔",マイクロカニューレ,1,15,1,92,604,1,1096,84
"マイクロカニューレ, 笑気麻酔",ジュビダームビスタ ボリューマ,8,2,1,14,638,1,114,92
ジュビダームビスタ ボリューマ,"マイクロカニューレ, 笑気麻酔",2,8,1,54,638,1,202,86
マイクロカニューレ,"ジュビダームビスタ ボリューマ, 笑気麻酔",15,1,1,8,604,1,107,98
笑気麻酔,"ジュビダームビスタ ボリューマ, マイクロカニューレ",25,2,1,5,240,0,103,78
"ジュビダームビスタ ボルベラ, パーフェクト",マイクロカニューレ,1,15,1,91,601,0,1036,84
"ジュビダームビスタ ボルベラ, マイクロカニューレ",パーフェクト,3,9,1,34,354,0,138,74
"マイクロカニューレ, パーフェクト",ジュビダームビスタ ボルベラ,3,3,1,31,950,0,141,92
ジュビダームビスタ ボルベラ,"マイクロカニューレ, パーフェクト",3,3,1,32,950,0,143,92
パーフェクト,"ジュビダームビスタ ボルベラ, マイクロカニューレ",9,3,1,11,354,0,108,79
マイクロカニューレ,"ジュビダームビスタ ボルベラ, パーフェクト",15,1,1,7,601,0,106,98
"眼窩下神経ブロック, ジュビダームビスタ ボルベラ",マイクロカニューレ,1,15,1,92,607,1,1172,84
"眼窩下神経ブロック, マイクロカニューレ",ジュビダームビスタ ボルベラ,4,3,1,27,832,1,133,92
"ジュビダームビスタ ボルベラ, マイクロカニューレ",眼窩下神経ブロック,3,10,1,39,390,0,149,76
眼窩下神経ブロック,"ジュビダームビスタ ボルベラ, マイクロカニューレ",10,3,1,12,390,0,110,82
ジュビダームビスタ ボルベラ,"眼窩下神経ブロック, マイクロカニューレ",3,4,1,37,832,1,153,91
マイクロカニューレ,"眼窩下神経ブロック, ジュビダームビスタ ボルベラ",15,1,1,8,607,1,107,98
"ジュビダームビスタ ボルベラ, マイクロカニューレ",笑気麻酔,3,25,1,60,237,1,189,59
"ジュビダームビスタ ボルベラ, 笑気麻酔",マイクロカニューレ,2,15,1,94,618,1,1532,85
"マイクロカニューレ, 笑気麻酔",ジュビダームビスタ ボルベラ,8,3,1,22,670,1,124,93
ジュビダームビスタ ボルベラ,"マイクロカニューレ, 笑気麻酔",3,8,1,57,670,1,215,87
マイクロカニューレ,"ジュビダームビスタ ボルベラ, 笑気麻酔",15,2,1,12,618,1,111,98
笑気麻酔,"ジュビダームビスタ ボルベラ, マイクロカニューレ",25,3,1,7,237,1,104,77
"眼窩下神経ブロック, ジュビダームビスタ ボルベラ",笑気麻酔,1,25,1,81,317,0,393,69
"眼窩下神経ブロック, 笑気麻酔",ジュビダームビスタ ボルベラ,8,3,1,13,396,0,111,81
"ジュビダームビスタ ボルベラ, 笑気麻酔",眼窩下神経ブロック,2,10,1,54,530,0,195,82
眼窩下神経ブロック,"ジュビダームビスタ ボルベラ, 笑気麻酔",10,2,1,10,530,0,109,90
ジュビダームビスタ ボルベラ,"眼窩下神経ブロック, 笑気麻酔",3,8,1,32,396,0,136,77
笑気麻酔,"眼窩下神経ブロック, ジュビダームビスタ ボルベラ",25,1,1,4,317,0,103,91
"マイクロカニューレ, パーフェクト",プレミアム,3,6,1,36,570,1,147,85
"マイクロカニューレ, プレミアム",パーフェクト,2,9,1,46,473,0,168,81
"パーフェクト, プレミアム",マイクロカニューレ,2,15,1,57,373,0,197,74
マイクロカニューレ,"パーフェクト, プレミアム",15,2,1,8,373,0,106,86
パーフェクト,"マイクロカニューレ, プレミアム",9,2,1,12,473,0,111,87
プレミアム,"マイクロカニューレ, パーフェクト",6,3,1,19,570,1,120,88
"眼窩下神経ブロック, パーフェクト",プレミアム,5,6,1,30,469,1,133,83
"眼窩下神経ブロック, プレミアム",パーフェクト,2,9,1,58,601,1,219,85
"パーフェクト, プレミアム",眼窩下神経ブロック,2,10,1,79,774,1,428,89
眼窩下神経ブロック,"パーフェクト, プレミアム",10,2,1,17,774,1,118,96
パーフェクト,"眼窩下神経ブロック, プレミアム",9,2,1,17,601,1,118,92
プレミアム,"眼窩下神経ブロック, パーフェクト",6,5,1,27,469,1,129,84
"パーフェクト, 笑気麻酔",プレミアム,7,6,1,24,376,1,123,79
"パーフェクト, プレミアム",笑気麻酔,2,25,1,78,307,1,346,69
"笑気麻酔, プレミアム",パーフェクト,3,9,1,43,448,1,160,80
パーフェクト,"笑気麻酔, プレミアム",9,3,1,17,448,1,116,86
笑気麻酔,"パーフェクト, プレミアム",25,2,1,6,307,1,104,90
プレミアム,"パーフェクト, 笑気麻酔",6,7,1,27,376,1,127,78
"眼窩下神経ブロック, マイクロカニューレ",パーフェクト,4,9,2,55,572,2,204,86
"眼窩下神経ブロック, パーフェクト",マイクロカニューレ,5,15,2,43,286,1,150,69
"マイクロカニューレ, パーフェクト",眼窩下神経ブロック,3,10,2,73,719,2,338,89
眼窩下神経ブロック,"マイクロカニューレ, パーフェクト",10,3,2,24,719,2,128,95
マイクロカニューレ,"眼窩下神経ブロック, パーフェクト",15,5,2,16,286,1,112,76
パーフェクト,"眼窩下神経ブロック, マイクロカニューレ",9,4,2,25,572,2,128,91
"マイクロカニューレ, パーフェクト",笑気麻酔,3,25,2,78,308,1,353,70
"マイクロカニューレ, 笑気麻酔",パーフェクト,8,9,2,31,324,1,132,75
"パーフェクト, 笑気麻酔",マイクロカニューレ,7,15,2,37,247,1,136,64
マイクロカニューレ,"パーフェクト, 笑気麻酔",15,7,2,17,247,1,112,70
パーフェクト,"マイクロカニューレ, 笑気麻酔",9,8,2,27,324,1,126,76
笑気麻酔,"マイクロカニューレ, パーフェクト",25,3,2,10,308,1,108,90
"眼窩下神経ブロック, パーフェクト",笑気麻酔,5,25,4,80,315,3,382,72
"眼窩下神経ブロック, 笑気麻酔",パーフェクト,8,9,4,56,575,3,206,90
"パーフェクト, 笑気麻酔",眼窩下神経ブロック,7,10,4,64,635,3,255,90
眼窩下神経ブロック,"パーフェクト, 笑気麻酔",10,7,4,45,635,3,171,93
パーフェクト,"眼窩下神経ブロック, 笑気麻酔",9,8,4,47,575,3,175,91
笑気麻酔,"眼窩下神経ブロック, パーフェクト",25,5,4,18,315,3,115,91
"眼窩下神経ブロック, マイクロカニューレ",プレミアム,4,6,1,36,568,1,147,86
"眼窩下神経ブロック, プレミアム",マイクロカニューレ,2,15,1,55,364,1,190,74
"マイクロカニューレ, プレミアム",眼窩下神経ブロック,2,10,1,60,594,1,228,85
眼窩下神経ブロック,"マイクロカニューレ, プレミアム",10,2,1,16,594,1,116,92
マイクロカニューレ,"眼窩下神経ブロック, プレミアム",15,2,1,10,364,1,108,85
プレミアム,"眼窩下神経ブロック, マイクロカニューレ",6,4,1,25,568,1,128,88
"マイクロカニューレ, 笑気麻酔",プレミアム,8,6,1,22,353,1,121,78
"マイクロカニューレ, プレミアム",笑気麻酔,2,25,1,71,279,1,259,65
"笑気麻酔, プレミアム",マイクロカニューレ,3,15,1,49,321,1,166,71
マイクロカニューレ,"笑気麻酔, プレミアム",15,3,1,12,321,1,110,81
笑気麻酔,"マイクロカニューレ, プレミアム",25,2,1,7,279,1,105,86
プレミアム,"マイクロカニューレ, 笑気麻酔",6,8,1,30,353,1,131,76
"眼窩下神経ブロック, 笑気麻酔",プレミアム,8,6,2,29,453,1,131,85
"眼窩下神経ブロック, プレミアム",笑気麻酔,2,25,2,81,318,1,398,70
"笑気麻酔, プレミアム",眼窩下神経ブロック,3,10,2,60,597,2,230,86
眼窩下神経ブロック,"笑気麻酔, プレミアム",10,3,2,23,597,2,125,92
笑気麻酔,"眼窩下神経ブロック, プレミアム",25,2,2,9,318,1,107,92
プレミアム,"眼窩下神経ブロック, 笑気麻酔",6,8,2,37,453,1,147,83
"マイクロカニューレ, ペンレステープ",笑気麻酔,4,25,1,26,104,0,101,4
"マイクロカニューレ, 笑気麻酔",ペンレステープ,8,12,1,12,102,0,100,3
"ペンレステープ, 笑気麻酔",マイクロカニューレ,2,15,1,51,336,0,174,71
マイクロカニューレ,"ペンレステープ, 笑気麻酔",15,2,1,7,336,0,105,82
ペンレステープ,"マイクロカニューレ, 笑気麻酔",12,8,1,8,102,0,100,3
笑気麻酔,"マイクロカニューレ, ペンレステープ",25,4,1,4,104,0,100,5
"ボツラックス 強力, ボツラックス",笑気麻酔,3,25,1,36,143,0,117,31
"ボツラックス 強力, 笑気麻酔",ボツラックス,3,11,1,37,332,0,142,72
"ボツラックス, 笑気麻酔",ボツラックス 強力,4,10,1,29,289,0,127,68
ボツラックス 強力,"ボツラックス, 笑気麻酔",10,4,1,11,289,0,108,72
ボツラックス,"ボツラックス 強力, 笑気麻酔",11,3,1,10,332,0,108,78
笑気麻酔,"ボツラックス 強力, ボツラックス",25,3,1,4,143,0,101,40
"マイクロカニューレ, ボツラックス",笑気麻酔,2,25,1,57,223,0,173,56
"マイクロカニューレ, 笑気麻酔",ボツラックス,8,11,1,18,160,0,108,41
"ボツラックス, 笑気麻酔",マイクロカニューレ,4,15,1,39,255,0,138,63
マイクロカニューレ,"ボツラックス, 笑気麻酔",15,4,1,10,255,0,106,71
ボツラックス,"マイクロカニューレ, 笑気麻酔",11,8,1,13,160,0,105,42
笑気麻酔,"マイクロカニューレ, ボツラックス",25,2,1,6,223,0,103,74
"眼窩下神経ブロック, ボツラックス",笑気麻酔,1,25,1,82,323,0,426,69
"眼窩下神経ブロック, 笑気麻酔",ボツラックス,8,11,1,12,111,0,101,11
"ボツラックス, 笑気麻酔",眼窩下神経ブロック,4,10,1,26,258,0,121,63
眼窩下神経ブロック,"ボツラックス, 笑気麻酔",10,4,1,10,258,0,107,68
ボツラックス,"眼窩下神経ブロック, 笑気麻酔",11,8,1,9,111,0,101,11
笑気麻酔,"眼窩下神経ブロック, ボツラックス",25,1,1,4,323,0,102,92
"眼窩下神経ブロック, マイクロカニューレ",笑気麻酔,4,25,3,82,321,2,417,72
"眼窩下神経ブロック, 笑気麻酔",マイクロカニューレ,8,15,3,44,293,2,153,71
"マイクロカニューレ, 笑気麻酔",眼窩下神経ブロック,8,10,3,43,425,2,158,83
眼窩下神経ブロック,"マイクロカニューレ, 笑気麻酔",10,8,3,36,425,2,143,85
マイクロカニューレ,"眼窩下神経ブロック, 笑気麻酔",15,8,3,24,293,2,121,77
笑気麻酔,"眼窩下神経ブロック, マイクロカニューレ",25,4,3,14,321,2,111,92
"マイクロカニューレ, TCB式小顔美肌再生ソフト, 笑気麻酔",TCB小顔リフト,1,6,1,73,1178,1,350,93
"マイクロカニューレ, TCB式小顔美肌再生ソフト, TCB小顔リフト",笑気麻酔,1,25,1,85,332,0,497,71
"マイクロカニューレ, 笑気麻酔, TCB小顔リフト",TCB式小顔美肌再生ソフト,2,4,1,56,1361,1,222,94
"TCB小顔リフト, TCB式小顔美肌再生ソフト, 笑気麻酔",マイクロカニューレ,2,15,1,53,349,0,181,73
"マイクロカニューレ, TCB式小顔美肌再生ソフト","TCB小顔リフト, 笑気麻酔",2,5,1,60,1177,1,240,93
"マイクロカニューレ, 笑気麻酔","TCB小顔リフト, TCB式小顔美肌再生ソフト",8,3,1,15,519,1,115,88
"マイクロカニューレ, TCB小顔リフト","TCB式小顔美肌再生ソフト, 笑気麻酔",2,3,1,48,1451,1,187,95
"TCB式小顔美肌再生ソフト, 笑気麻酔","マイクロカニューレ, TCB小顔リフト",3,2,1,40,1451,1,163,96
"TCB小顔リフト, TCB式小顔美肌再生ソフト","マイクロカニューレ, 笑気麻酔",3,8,1,44,519,1,165,83
"TCB小顔リフト, 笑気麻酔","マイクロカニューレ, TCB式小顔美肌再生ソフト",5,2,1,26,1177,1,132,96
マイクロカニューレ,"TCB小顔リフト, TCB式小顔美肌再生ソフト, 笑気麻酔",15,2,1,8,349,0,106,84
TCB式小顔美肌再生ソフト,"マイクロカニューレ, 笑気麻酔, TCB小顔リフト",4,2,1,32,1361,1,144,96
笑気麻酔,"マイクロカニューレ, TCB式小顔美肌再生ソフト, TCB小顔リフト",25,1,1,5,332,0,103,93
TCB小顔リフト,"マイクロカニューレ, TCB式小顔美肌再生ソフト, 笑気麻酔",6,1,1,21,1178,1,125,97
"眼窩下神経ブロック, TCB小顔リフト, TCB式小顔美肌再生ソフト",笑気麻酔,1,25,1,83,328,0,459,70
"眼窩下神経ブロック, TCB小顔リフト, 笑気麻酔",TCB式小顔美肌再生ソフト,2,4,1,56,1359,1,221,94
"眼窩下神経ブロック, TCB式小顔美肌再生ソフト, 笑気麻酔",TCB小顔リフト,1,6,1,74,1200,1,369,93
"TCB小顔リフト, TCB式小顔美肌再生ソフト, 笑気麻酔",眼窩下神経ブロック,2,10,1,50,493,1,180,81
"眼窩下神経ブロック, TCB小顔リフト","TCB式小顔美肌再生ソフト, 笑気麻酔",2,3,1,47,1427,1,184,95
"眼窩下神経ブロック, TCB式小顔美肌再生ソフト","TCB小顔リフト, 笑気麻酔",2,5,1,60,1184,1,242,93
"眼窩下神経ブロック, 笑気麻酔","TCB小顔リフト, TCB式小顔美肌再生ソフト",8,3,1,15,506,1,114,87
"TCB小顔リフト, TCB式小顔美肌再生ソフト","眼窩下神経ブロック, 笑気麻酔",3,8,1,42,506,1,158,82
"TCB小顔リフト, 笑気麻酔","眼窩下神経ブロック, TCB式小顔美肌再生ソフト",5,2,1,24,1184,1,130,96
"TCB式小顔美肌再生ソフト, 笑気麻酔","眼窩下神経ブロック, TCB小顔リフト",3,2,1,38,1427,1,157,96
眼窩下神経ブロック,"TCB小顔リフト, TCB式小顔美肌再生ソフト, 笑気麻酔",10,2,1,12,493,1,111,88
TCB小顔リフト,"眼窩下神経ブロック, TCB式小顔美肌再生ソフト, 笑気麻酔",6,1,1,20,1200,1,123,97
TCB式小顔美肌再生ソフト,"眼窩下神経ブロック, TCB小顔リフト, 笑気麻酔",4,2,1,30,1359,1,140,96
笑気麻酔,"眼窩下神経ブロック, TCB小顔リフト, TCB式小顔美肌再生ソフト",25,1,1,4,328,0,103,93
"眼窩下神経ブロック, マイクロカニューレ, 笑気麻酔",TCB小顔リフト,3,6,1,30,498,0,135,83
"眼窩下神経ブロック, マイクロカニューレ, TCB小顔リフト",笑気麻酔,1,25,1,84,331,0,485,70
"眼窩下神経ブロック, TCB小顔リフト, 笑気麻酔",マイクロカニューレ,2,15,1,51,337,0,174,71
"マイクロカニューレ, 笑気麻酔, TCB小顔リフト",眼窩下神経ブロック,2,10,1,48,476,0,174,80
"眼窩下神経ブロック, マイクロカニューレ","TCB小顔リフト, 笑気麻酔",4,5,1,25,495,0,127,83
"眼窩下神経ブロック, 笑気麻酔","マイクロカニューレ, TCB小顔リフト",8,2,1,13,497,0,112,87
"眼窩下神経ブロック, TCB小顔リフト","マイクロカニューレ, 笑気麻酔",2,8,1,43,502,0,160,82
"マイクロカニューレ, 笑気麻酔","眼窩下神経ブロック, TCB小顔リフト",8,2,1,13,502,0,112,87
"マイクロカニューレ, TCB小顔リフト","眼窩下神経ブロック, 笑気麻酔",2,8,1,41,497,0,156,82
"TCB小顔リフト, 笑気麻酔","眼窩下神経ブロック, マイクロカニューレ",5,4,1,22,495,0,123,84
眼窩下神経ブロック,"マイクロカニューレ, 笑気麻酔, TCB小顔リフト",10,2,1,11,476,0,110,88
マイクロカニューレ,"眼窩下神経ブロック, TCB小顔リフト, 笑気麻酔",15,2,1,7,337,0,105,83
笑気麻酔,"眼窩下神経ブロック, マイクロカニューレ, TCB小顔リフト",25,1,1,4,331,0,103,93
TCB小顔リフト,"眼窩下神経ブロック, マイクロカニューレ, 笑気麻酔",6,3,1,18,498,0,118,85
"眼窩下神経ブロック, マイクロカニューレ, TCB式小顔美肌再生ソフト",笑気麻酔,1,25,1,82,324,0,432,69
"眼窩下神経ブロック, マイクロカニューレ, 笑気麻酔",TCB式小顔美肌再生ソフト,3,4,1,27,653,0,131,87
"眼窩下神経ブロック, TCB式小顔美肌再生ソフト, 笑気麻酔",マイクロカニューレ,1,15,1,59,390,0,210,75
"マイクロカニューレ, TCB式小顔美肌再生ソフト, 笑気麻酔",眼窩下神経ブロック,1,10,1,55,540,0,200,83
"眼窩下神経ブロック, マイクロカニューレ","TCB式小顔美肌再生ソフト, 笑気麻酔",4,3,1,22,673,0,124,89
"眼窩下神経ブロック, TCB式小顔美肌再生ソフト","マイクロカニューレ, 笑気麻酔",2,8,1,48,567,0,178,84
"眼窩下神経ブロック, 笑気麻酔","マイクロカニューレ, TCB式小顔美肌再生ソフト",8,2,1,12,549,0,111,89
"マイクロカニューレ, TCB式小顔美肌再生ソフト","眼窩下神経ブロック, 笑気麻酔",2,8,1,45,549,0,168,83
"マイクロカニューレ, 笑気麻酔","眼窩下神経ブロック, TCB式小顔美肌再生ソフト",8,2,1,11,567,0,111,90
"TCB式小顔美肌再生ソフト, 笑気麻酔","眼窩下神経ブロック, マイクロカニューレ",3,4,1,30,673,0,137,88
眼窩下神経ブロック,"マイクロカニューレ, TCB式小顔美肌再生ソフト, 笑気麻酔",10,1,1,9,540,0,109,90
マイクロカニューレ,"眼窩下神経ブロック, TCB式小顔美肌再生ソフト, 笑気麻酔",15,1,1,6,390,0,105,87
TCB式小顔美肌再生ソフト,"眼窩下神経ブロック, マイクロカニューレ, 笑気麻酔",4,3,1,24,653,0,127,88
笑気麻酔,"眼窩下神経ブロック, マイクロカニューレ, TCB式小顔美肌再生ソフト",25,1,1,3,324,0,102,92
"眼窩下神経ブロック, ジュビダームビスタ ボルベラ, マイクロカニューレ",笑気麻酔,1,25,1,80,315,0,385,69
"眼窩下神経ブロック, ジュビダームビスタ ボルベラ, 笑気麻酔",マイクロカニューレ,1,15,1,92,604,0,1105,84
"眼窩下神経ブロック, マイクロカニューレ, 笑気麻酔",ジュビダームビスタ ボルベラ,3,3,1,27,817,0,132,91
"ジュビダームビスタ ボルベラ, マイクロカニューレ, 笑気麻酔",眼窩下神経ブロック,1,10,1,52,518,0,190,82
"眼窩下神経ブロック, ジュビダームビスタ ボルベラ","マイクロカニューレ, 笑気麻酔",1,8,1,74,872,0,363,89
"眼窩下神経ブロック, マイクロカニューレ","ジュビダームビスタ ボルベラ, 笑気麻酔",4,2,1,22,1103,0,126,95
"眼窩下神経ブロック, 笑気麻酔","ジュビダームビスタ ボルベラ, マイクロカニューレ",8,3,1,12,386,0,110,80
"ジュビダームビスタ ボルベラ, マイクロカニューレ","眼窩下神経ブロック, 笑気麻酔",3,8,1,32,386,0,135,76
"ジュビダームビスタ ボルベラ, 笑気麻酔","眼窩下神経ブロック, マイクロカニューレ",2,4,1,50,1103,0,190,92
"マイクロカニューレ, 笑気麻酔","眼窩下神経ブロック, ジュビダームビスタ ボルベラ",8,1,1,11,872,0,111,96
眼窩下神経ブロック,"ジュビダームビスタ ボルベラ, マイクロカニューレ, 笑気麻酔",10,1,1,9,518,0,108,89
ジュビダームビスタ ボルベラ,"眼窩下神経ブロック, マイクロカニューレ, 笑気麻酔",3,3,1,30,817,0,138,90
マイクロカニューレ,"眼窩下神経ブロック, ジュビダームビスタ ボルベラ, 笑気麻酔",15,1,1,6,604,0,105,98
笑気麻酔,"眼窩下神経ブロック, ジュビダームビスタ ボルベラ, マイクロカニューレ",25,1,1,3,315,0,102,91
"眼窩下神経ブロック, マイクロカニューレ, パーフェクト",プレミアム,2,6,1,40,638,0,158,86
"眼窩下神経ブロック, マイクロカニューレ, プレミアム",パーフェクト,1,9,1,62,642,0,243,85
"眼窩下神経ブロック, パーフェクト, プレミアム",マイクロカニューレ,1,15,1,59,389,0,208,75
"マイクロカニューレ, パーフェクト, プレミアム",眼窩下神経ブロック,1,10,1,82,806,0,507,88
"眼窩下神経ブロック, マイクロカニューレ","パーフェクト, プレミアム",4,2,1,22,1036,0,126,94
"眼窩下神経ブロック, パーフェクト","マイクロカニューレ, プレミアム",5,2,1,17,656,0,118,89
"眼窩下神経ブロック, プレミアム","マイクロカニューレ, パーフェクト",2,3,1,34,1012,0,148,92
"マイクロカニューレ, パーフェクト","眼窩下神経ブロック, プレミアム",3,2,1,30,1012,0,138,93
"マイクロカニューレ, プレミアム","眼窩下神経ブロック, パーフェクト",2,5,1,38,656,0,152,87
"パーフェクト, プレミアム","眼窩下神経ブロック, マイクロカニューレ",2,4,1,46,1036,0,180,92
眼窩下神経ブロック,"マイクロカニューレ, パーフェクト, プレミアム",10,1,1,10,806,0,109,97
マイクロカニューレ,"眼窩下神経ブロック, パーフェクト, プレミアム",15,1,1,6,389,0,105,87
パーフェクト,"眼窩下神経ブロック, マイクロカニューレ, プレミアム",9,1,1,10,642,0,110,93
プレミアム,"眼窩下神経ブロック, マイクロカニューレ, パーフェクト",6,2,1,16,638,0,116,90
"マイクロカニューレ, パーフェクト, 笑気麻酔",プレミアム,2,6,1,37,585,0,149,85
"マイクロカニューレ, パーフェクト, プレミアム",笑気麻酔,1,25,1,80,317,0,391,69
"マイクロカニューレ, 笑気麻酔, プレミアム",パーフェクト,1,9,1,52,537,0,190,83
"パーフェクト, 笑気麻酔, プレミアム",マイクロカニューレ,1,15,1,58,385,0,205,75
"マイクロカニューレ, パーフェクト","笑気麻酔, プレミアム",3,3,1,29,747,0,136,89
"マイクロカニューレ, 笑気麻酔","パーフェクト, プレミアム",8,2,1,11,538,0,111,89
"マイクロカニューレ, プレミアム","パーフェクト, 笑気麻酔",2,7,1,37,520,0,148,83
"パーフェクト, 笑気麻酔","マイクロカニューレ, プレミアム",7,2,1,14,520,0,113,87
"パーフェクト, プレミアム","マイクロカニューレ, 笑気麻酔",2,8,1,46,538,0,169,83
"笑気麻酔, プレミアム","マイクロカニューレ, パーフェクト",3,3,1,25,747,0,130,90
マイクロカニューレ,"パーフェクト, 笑気麻酔, プレミアム",15,1,1,6,385,0,105,87
パーフェクト,"マイクロカニューレ, 笑気麻酔, プレミアム",9,1,1,10,537,0,109,90
笑気麻酔,"マイクロカニューレ, パーフェクト, プレミアム",25,1,1,4,317,0,102,91
プレミアム,"マイクロカニューレ, パーフェクト, 笑気麻酔",6,2,1,15,585,0,115,88
"眼窩下神経ブロック, パーフェクト, 笑気麻酔",プレミアム,4,6,1,30,468,1,133,82
"眼窩下神経ブロック, パーフェクト, プレミアム",笑気麻酔,1,25,1,80,314,0,379,69
"眼窩下神経ブロック, 笑気麻酔, プレミアム",パーフェクト,2,9,1,58,595,1,215,85
"パーフェクト, 笑気麻酔, プレミアム",眼窩下神経ブロック,1,10,1,80,792,1,470,88
"眼窩下神経ブロック, パーフェクト","笑気麻酔, プレミアム",5,3,1,24,611,1,126,88
"眼窩下神経ブロック, 笑気麻酔","パーフェクト, プレミアム",8,2,1,16,765,1,117,94
"眼窩下神経ブロック, プレミアム","パーフェクト, 笑気麻酔",2,7,1,47,656,1,176,87
"パーフェクト, 笑気麻酔","眼窩下神経ブロック, プレミアム",7,2,1,19,656,1,120,91
"パーフェクト, プレミアム","眼窩下神経ブロック, 笑気麻酔",2,8,1,63,765,1,251,88
"笑気麻酔, プレミアム","眼窩下神経ブロック, パーフェクト",3,5,1,35,611,1,146,87
眼窩下神経ブロック,"パーフェクト, 笑気麻酔, プレミアム",10,1,1,13,792,1,113,97
パーフェクト,"眼窩下神経ブロック, 笑気麻酔, プレミアム",9,2,1,14,595,1,113,92
笑気麻酔,"眼窩下神経ブロック, パーフェクト, プレミアム",25,1,1,5,314,0,103,91
プレミアム,"眼窩下神経ブロック, パーフェクト, 笑気麻酔",6,4,1,21,468,1,122,84
"眼窩下神経ブロック, マイクロカニューレ, パーフェクト",笑気麻酔,2,25,2,81,319,1,405,70
"眼窩下神経ブロック, マイクロカニューレ, 笑気麻酔",パーフェクト,3,9,2,55,568,1,203,85
"眼窩下神経ブロック, パーフェクト, 笑気麻酔",マイクロカニューレ,4,15,2,44,289,1,152,68
"マイクロカニューレ, パーフェクト, 笑気麻酔",眼窩下神経ブロック,2,10,2,75,744,1,374,88
"眼窩下神経ブロック, マイクロカニューレ","パーフェクト, 笑気麻酔",4,7,2,45,634,1,170,88
"眼窩下神経ブロック, パーフェクト","マイクロカニューレ, 笑気麻酔",5,8,2,35,415,1,142,80
"眼窩下神経ブロック, 笑気麻酔","マイクロカニューレ, パーフェクト",8,3,2,24,722,1,128,93
"マイクロカニューレ, パーフェクト","眼窩下神経ブロック, 笑気麻酔",3,8,2,59,722,1,229,89
"マイクロカニューレ, 笑気麻酔","眼窩下神経ブロック, パーフェクト",8,5,2,24,415,1,124,83
"パーフェクト, 笑気麻酔","眼窩下神経ブロック, マイクロカニューレ",7,4,2,28,634,1,133,90
眼窩下神経ブロック,"マイクロカニューレ, パーフェクト, 笑気麻酔",10,2,2,20,744,1,122,96
マイクロカニューレ,"眼窩下神経ブロック, パーフェクト, 笑気麻酔",15,4,2,13,289,1,110,77
パーフェクト,"眼窩下神経ブロック, マイクロカニューレ, 笑気麻酔",9,3,2,21,568,1,122,91
笑気麻酔,"眼窩下神経ブロック, マイクロカニューレ, パーフェクト",25,2,2,8,319,1,106,92
"眼窩下神経ブロック, マイクロカニューレ, 笑気麻酔",プレミアム,3,6,1,36,565,1,146,85
"眼窩下神経ブロック, マイクロカニューレ, プレミアム",笑気麻酔,1,25,1,81,320,0,408,69
"眼窩下神経ブロック, 笑気麻酔, プレミアム",マイクロカニューレ,2,15,1,55,366,0,192,74
"マイクロカニューレ, 笑気麻酔, プレミアム",眼窩下神経ブロック,1,10,1,69,681,1,294,87
"眼窩下神経ブロック, マイクロカニューレ","笑気麻酔, プレミアム",4,3,1,29,753,1,136,90
"眼窩下神経ブロック, 笑気麻酔","マイクロカニューレ, プレミアム",8,2,1,16,596,1,116,90
"眼窩下神経ブロック, プレミアム","マイクロカニューレ, 笑気麻酔",2,8,1,45,530,1,167,83
"マイクロカニューレ, 笑気麻酔","眼窩下神経ブロック, プレミアム",8,2,1,15,530,1,115,88
"マイクロカニューレ, プレミアム","眼窩下神経ブロック, 笑気麻酔",2,8,1,49,596,1,181,85
"笑気麻酔, プレミアム","眼窩下神経ブロック, マイクロカニューレ",3,4,1,34,753,1,144,90
眼窩下神経ブロック,"マイクロカニューレ, 笑気麻酔, プレミアム",10,1,1,13,681,1,113,95
マイクロカニューレ,"眼窩下神経ブロック, 笑気麻酔, プレミアム",15,2,1,8,366,0,107,85
笑気麻酔,"眼窩下神経ブロック, マイクロカニューレ, プレミアム",25,1,1,5,320,0,103,92
プレミアム,"眼窩下神経ブロック, マイクロカニューレ, 笑気麻酔",6,3,1,21,565,1,121,87
